Name;Website;Phone;Email;Address
KN Hair Studio;https://www.knhairstudio.ch/;077 455 64 96;Usterkaanhairstudio@gmail.com;Winterthurerstrasse 17, 8610 Uster, Switzerland
ATELIER GmbH - Handwerk am Haar;https://atelieruster.ch/;043 399 04 66;info@atelieruster.ch;Seestrasse 115A, 8610 Uster, Switzerland
Diamond Hair Salon by Serkan Aktas;No website available;043 497 82 30;No website available;Freiestrasse 12, 8610 Uster, Switzerland
Bill & Bill Hairstyle AG;http://www.billundbill.ch/;044 940 20 13;No email available;Braschlergasse 8, 8610 Uster, Switzerland
CRAZY HAIR-LINE GmbH;https://www.crazy-hair-line.ch/;079 951 21 55;No email available;Wermatswilerstrasse 6a, 8610 Uster, Switzerland
Di Giorgio Hair Beauty Villa GmbH;http://www.digiorgio.ch/;044 291 43 13;No email available;Florastrasse 40, 8610 Uster, Switzerland
Coiffeur be unique hair GmbH;https://be-unique-hair.ch/;044 940 55 66;No email available;Oberlandstrasse 85, 8610 Uster, Switzerland
Ardi Herren Hairdresser;http://www.coiffure-ardi.ch/;043 466 95 88;No email available;Bahnhofstrasse 8, 8610 Uster, Switzerland
CaroGio Coiffeur - Uster;http://www.carogio-coiffeur.ch/;043 366 54 92;No email available;Zürichstrasse 20, 8610 Uster, Switzerland
Silfrido for Hair AG;http://www.silfrido.ch/;044 940 10 00;AUFNEHMENsilfrido.forhair@bluewin.ch;Zürichstrasse 7, 8610 Uster, Switzerland
Coiffeur Nicola;No website available;044 941 04 15;No website available;Poststrasse 6, 8610 Uster, Switzerland
Beauty Box Uster;http://beautybox-uster.ch/;No phone available;No email available;Uster-West 34, 8610 Uster, Switzerland
Catia Da Silva hairstylist;https://catiadasilva.ch/;076 680 11 26;hairstylist@catiadasilva.ch;Oberlandstrasse 52, 8610 Uster, Switzerland
Zuma Hair Balayage Coiffure;http://www.zumahair.ch/;No phone available;charisma@bluewin.ch;Seestrasse 12a, 8610 Uster, Switzerland
Navid's Classic Cut 2.0;http://www.navidsclassiccut.com/;076 284 03 84;No email available;Brandstrasse 32, 8610 Uster, Switzerland
Hair Vision GmbH;http://www.hairvisionuster.ch/;No phone available;No email available;Bankstrasse 8, 8610 Uster, Switzerland
Coiffure Valiante;http://coiffure-valiante.ch/;044 942 34 14;r.valiante@bluewin.ch;Brunnenstrasse 21, 8610 Uster, Switzerland
Coiffeurstudio Crazy;http://www.coiffeurstudio-crazy.ch/;044 940 94 11;No email available;Zentralstrasse 2, 8610 Uster, Switzerland
Salon Top Hair & Nail;No website available;044 940 53 22;No website available;Freiestrasse 48, 8610 Uster, Switzerland
Coiffeur Usthair;http://usthair.ch/;043 497 81 89;info@usthair.ch;Industriestrasse 10, 8610 Uster, Switzerland
GIDOR Coiffure (Uster);http://www.gidor.ch/;044 940 73 43;No email available;Gerichtsstrasse 3, 8610 Uster, Switzerland
Hiri coiffeur;No website available;079 325 05 82;No website available;Loren-Allee 18, 8610 Uster, Switzerland
belle & beau hair passion;http://www.bellebeauhair.ch/;076 479 18 47;seraina@bellebeauhair.ch;Schulweg 2, 8610 Uster, Switzerland
Hairstyle Zio;No website available;No phone available;No website available;Freiestrasse 21, 8610 Uster, Switzerland
Royal Beauty Uster;https://royalbeauty.hairlist.ch/termin/1213;077 492 29 67;No email available;Aathalstrasse 60, 8610 Uster, Switzerland
Best Point Coiffeur Uster;No website available;044 941 10 20;No website available;Zürichstrasse 12, 8610 Uster, Switzerland
Coiffure Lena's Hair Studio;http://www.lenashairstudio.ch/;044 940 88 40;No email available;Emdwiesenstrasse 20, 8610 Uster, Switzerland
Coiffeur NEWLOOK Uster;https://www.awanella.ch/uster;044 941 10 00;UsterAwanella.gmbh@gmail.com;Bankstrasse 7, 8610 Uster, Switzerland
Coiffeurinsel;http://www.coiffeurinsel.ch/;044 940 00 02;No email available;Aathalstrasse 36, 8610 Uster, Switzerland
La Perla Coiffeur GmbH;https://laperlacoiffeur.ch/;043 497 88 78;No email available;Talackerstrasse 9, 8610 Uster, Switzerland
Steffen & Friends GmbH;http://www.steffenandfriends.ch/;044 940 29 09;sybillesteffen@steffenandfriends.ch;Falmenstrasse 4, 8610 Uster, Switzerland
Castro Coiffure;http://castro-coiffure.ch/;044 940 03 08;No email available;Apothekerstrasse 2, 8610 Uster, Switzerland
Hairtress;http://hairtress.ch/;044 994 35 35;No email available;Brunnenstrasse 1, 8610 Uster, Switzerland
Coiffeur Rizgo Damen und Herren;https://www.rizgocoiffeur.ch/;044 223 61 46;No email available;Zürichstrasse 1, 8610 Uster, Switzerland
Can Barber Shop;No website available;044 555 89 80;No website available;Florastrasse 2, 8610 Uster, Switzerland
Medo's Barber Club;https://wa.me/message/WM3CXKMR7QX6O1;077 990 58 20;No email available;Forchstrasse 1, 8610 Uster, Switzerland
fee4you;No website available;079 356 63 04;No website available;Freiestrasse 11, 8610 Uster, Switzerland
Sero's Barber Shop;https://www.serosbarbershop.ch/;No phone available;Schweiz+41793062781info@serosbarbershop.ch, Uhrinfo@serosbarbershop.ch;Zürichstrasse 7, 8610 Uster, Switzerland
Coiffure Pia;http://www.coiffurepia.ch/;043 466 84 84;info@coiffurepia.ch;Zentralstrasse 19, 8610 Uster, Switzerland
Hair Gallery;No website available;No phone available;No website available;Uster-West 34, 8610 Uster, Switzerland
Swiss Beauty Stage AG;https://www.swiss-beauty-stage.ch/;044 555 86 10;No email available;Freiestrasse 38, 8610 Uster, Switzerland
Beauty n Style;http://www.beautynstyle.ch/;078 402 92 37;No email available;Freiestrasse 12, 8610 Uster, Switzerland
Sunya's Beauty Club;https://www.sunya.ch/;044 942 03 30;No email available;Seestrasse 8, 8610 Uster, Switzerland
em Cosmetics Esther Klos;https://www.kosmetik-uster.ch/;079 273 19 68;No email available;Brunnenstrasse 21, 8610 Uster, Switzerland
Hair Passion;https://www.hairpassion-by-jasii.ch/;076 216 28 25;No email available;Aathalstrasse 19, 8610 Uster, Switzerland
Vittoria Ästhetik & Beauty;https://www.vittoria-aesthetik.ch/;078 818 45 21;info@vittoria-aesthetik.ch;Poststrasse 6, 8610 Uster, Switzerland
Per Te Hairdresser;http://www.per-te.ch/;043 819 43 74;info@per-te.ch;Kindhauserstrasse 2, 8604 Volketswil, Switzerland
Danea Naturcoiffeur;http://danea.ch/;076 463 29 68;No email available;Höchistrasse 1, 8610 Uster, Switzerland
Sandra Beauty Home und Nagel SPA;https://sandrabeauty.ch/;076 737 53 33;info@sandrabeauty.ch;Brunnenstrasse 10, 8610 Uster, Switzerland
Creazione Coiffure Mary;http://www.coiffuremary.ch/;044 940 63 63;No email available;Zentralstrasse 26, 8610 Uster, Switzerland
LiMo Beauty;http://www.limo-beauty.ch/;079 841 72 43;No email available;Aathalstrasse 19, 8610 Uster, Switzerland
Be Beauty Genelin;http://www.be-beauty-genelin.ch/;079 297 18 38;No email available;Loren-Allee 22, 8610 Uster, Switzerland
Coiffeur Balance;http://www.coiffeur-balance.ch/;044 941 47 47;No email available;Seestrasse 147, 8610 Uster, Switzerland
meyer's hairshop;https://www.meyers-hairshop.ch/;044 940 03 11;No email available;Tägerackerstrasse 2, 8610 Uster, Switzerland
Medical Beauty Lounge Uster;http://www.mbl-uster.ch/;044 940 49 50;info@plazakliniken.ch;Oberlandstrasse 100, 8610 Uster, Switzerland
Perfect Beauty by Alexa;https://www.treatwell.ch/ort/perfect-beauty-12/;079 754 24 81;No email available;Rehbühlstrasse 8, 8610 Uster, Switzerland
Malvina Cosmetic & Massage | Uster;https://www.malvina.ch/;043 366 59 57;No email available;Falmenstrasse 4, 8610 Uster, Switzerland
Coiffeursalon Hairstudio F;http://www.hairstudiof.ch/;044 955 12 12;mail@hairstudiof.ch;Bahnhofstrasse 12, 8320 Fehraltorf, Switzerland
Coiffeur Maya;No website available;044 940 10 19;No website available;Industriestrasse 27, 8610 Uster, Switzerland
Your Hairstyle, Fabienne Brunschwiler;https://yourhairstyle.ch/;077 437 30 17;No email available;Kempttalstrasse 35 a, 8320 Fehraltorf, Switzerland
